User ID,User Name,User Background,User Level,Category,Location,Situation,Participants,Objectives,Topics,Professional Terms,Created At,Time of Day,Weather,Season,Mood
u1,Emma Chen,Emma 是一名在跨国公司工作的产品经理，每天都需要和来自不同国家的同事交流。通过不断学习和实践，她的英语口语水平有了显著提高。,A2,职场英语交流,公司附近的咖啡馆,晚上，夏天的阳光透过树叶洒在咖啡馆的露台上，Emma坐在靠窗的位置，准备和她的英国同事David讨论即将到来的产品发布会。她心情愉悦，因为今天她将有机会展示自己的英语口语能力。David正在享用一杯冰咖啡，他们之间弥漫着轻松的气氛。,"[""Emma"",""David""]","[""练习商务英语口语"",""讨论产品发布会的细节和预期目标""]","[""产品发布会的筹备工作"",""市场趋势分析"",""跨文化沟通技巧""]","[""product launch"",""market trends"",""cross-cultural communication""]",2025-02-23T07:50:02.105Z,evening,sunny,summer,creative
u10,Alex Zhang,Alex 是一位实验戏剧导演，专注于将中国传统戏剧元素与现代西方戏剧相融合。他的作品常常挑战观众的认知边界，引发热议。最近他正在筹备一部关于语言障碍的实验话剧。,C1,工作准备,工作室,Alex坐在他的工作室里，窗外雨滴敲打着窗户，屋内暖黄色的灯光映照在他的脸上。他正专注地阅读着剧本，旁边散落着各种关于语言障碍和文化差异的资料。他的心情格外愉悦，因为他正在构思一个全新的戏剧场景，希望通过这个场景展现不同文化背景下的人们如何克服语言障碍。他想象着演员们如何在雨中表演，以及如何通过舞台设计来强化这一主题。突然，他的助手小王推门而入，带着一盒热巧克力。,"[""Alex"",""小王""]","[""讨论剧本细节"",""构思舞台设计灵感""]","[""语言障碍在戏剧中的表现"",""文化融合的挑战与机遇""]","[""舞台设计"",""剧本创作""]",2025-02-23T07:50:09.769Z,afternoon,rainy,winter,creative
u11,Lily Wang,Lily 是一位神经科学研究员，同时也是科普作家。她致力于用简单的英语解释复杂的科学概念，在TikTok上拥有百万粉丝。她相信语言学习和大脑可塑性密切相关。,B2,Workshop Setting,Local Community Center,"Lily is leading a morning workshop on brain science for the local community. The room is cozy and warmly lit, with a view of the snowy landscape outside. Participants are gathered around, eager to learn. Lily is in a relaxed mood, enjoying the interaction with her audience. She begins by discussing the importance of language learning in understanding complex scientific concepts, drawing parallels between brain plasticity and language acquisition. As she speaks, she uses simple English to explain the intricacies of neuroscience, making it accessible to everyone. The atmosphere is warm and engaging, with participants actively participating in discussions and asking questions about brain functions and cognitive processes.","[""Lily"",""Community Members""]","[""Educate participants about brain science in simple English"",""Engage the audience in interactive discussions about cognitive processes""]","[""Language learning and brain plasticity"",""Basic principles of neuroscience"",""Cognitive functions and brain structures""]","[""Neuroplasticity"",""Cognitive processes""]",2025-02-23T07:50:18.278Z,morning,snowy,winter,relaxed
u12,Tom Chen,Tom 创作双语音乐，将中国传统音乐元素与现代摇滚融合。他的歌词常常探讨身份认同和文化冲突。最新专辑《Lost in Translation》获得了国际音乐奖项提名。,A2,Workshop Session,Outdoor Park Bench,"Tom is sitting on a sunny park bench, sketching the melodies from his latest song. He notices a group of young musicians, also playing instruments, and approaches them. The musicians are performing covers of popular English songs with a unique twist. They engage in a conversation with Tom, who is interested in learning English phrases to better understand their lyrics and musical influences. The setting is serene, with the sun setting in the background, casting a warm glow over the scene. The mood is relaxed yet creative, as the musicians and Tom exchange ideas about music, culture, and identity, blending their diverse backgrounds into a harmonious exchange of ideas.","[""Tom, a bilingual music creator"",""A group of young musicians playing covers"",""A passerby, a music enthusiast""]","[""Tom wants to practice his English and learn about music styles"",""The young musicians want to share their music and discuss cultural influences"",""The passerby is interested in the fusion of music styles""]","[""Music styles, cultural influences, songwriting techniques, identity in music, English language learning for music enthusiasts""]","[""Bilingual music, fusion, identity politics, cultural crossover, lyricism""]",2025-02-23T07:50:28.416Z,evening,sunny,spring,creative
u13,Nina Zhou,Nina 专注于国际人权法，经常在联合国发表演讲。她坚信语言是保护人权的重要工具，目前正在为非英语母语者的语言权利进行法律倡导。,C1,工作讨论会,联合国会议中心休息室,早晨的雨滴敲打着窗户，Nina穿着轻便的雨衣，坐在会议中心的休息室里，她手中拿着一份关于语言权利的提案，脸上带着轻松的表情。休息室里散坐着几位联合国的工作人员，他们正准备参加即将开始的非英语母语者语言权利的讨论会。Nina正准备与这些工作人员分享她的提案，并寻求他们的支持和建议。,"[""Nina"",""联合国工作人员A"",""联合国工作人员B""]","[""讨论并完善非英语母语者的语言权利提案"",""了解其他工作人员对于语言权利的看法和经验""]","[""国际人权法在语言权利中的应用"",""联合国对语言多样性的支持政策"",""非英语母语者在国际会议中的沟通障碍""]","[""人权法"",""语言多样性"",""国际会议沟通策略""]",2025-02-23T07:50:38.759Z,morning,rainy,summer,relaxed
u15,Sophie Zhang,"Sophie 是AI艺术领域的先锋，她使用机器学习算法创作跨语言的视觉艺术。她认为AI可以打破语言障碍，创造全新的表达方式。最近她正在筹备一个探讨""AI语言""的展览。",B2,Professional Networking,Cozy Café in an Art District,"Sophie is sitting in a cozy café in an art district, surrounded by sketches and digital art prints. It's a rainy afternoon, and the raindrops gently tap against the window. She is focused and engrossed in a conversation with an art curator who is interested in her AI art project. They are discussing the potential for 'AI language' in their upcoming exhibition.","[""Sophie"",""Art Curator""]","[""Discuss the feasibility of incorporating 'AI language' into the exhibition"",""Explore the potential of AI in the art world""]","[""Exhibition concepts"",""AI art capabilities"",""Cross-cultural communication in art""]","[""Neural networks"",""Generative adversarial networks"",""Cultural semiotics""]",2025-02-23T07:50:53.506Z,afternoon,rainy,spring,focused
u17,Rachel Chen,"Rachel 是一位数字游民生活方式的倡导者，她在过去三年里走过了30个国家，同时远程管理着自己的科技创业公司。她的生活方式挑战着传统的工作模式，但也引发了对""无根""生活的争议。",B2,远程工作交流,一个春天的咖啡馆，位于旧城区的角落里,Rachel坐在窗边，外面是蒙蒙细雨和多云的天空。她刚刚结束了一天的远程会议，现在正准备与她的国际团队成员进行一次非正式的在线讨论。她的笔记本上散落着各种旅行纪念品和一本关于全球创业文化的书籍。她的咖啡杯旁边放着一台笔记本电脑，屏幕上显示着她正在编辑的远程工作指南。团队成员们从世界各地加入视频会议，其中包括来自悉尼的Mark，来自墨西哥城的Luisa，以及来自伦敦的James。,"[""Rachel"",""Mark"",""Luisa"",""James""]","[""讨论即将到来的全球创业会议的准备工作"",""分享各自国家春季的创业趋势和灵感""]","[""即将到来的全球创业会议的议程和目标"",""不同国家在春季的创业环境和挑战"",""数字游民生活方式的最新动态和案例分析""]","[""digital nomad"",""remote work"",""startup culture"",""global entrepreneurship""]",2025-02-23T07:51:08.074Z,evening,cloudy,spring,creative
u18,Victor Zhao,Victor 曾是一名心理咨询师，现在设计跨文化社交桌游。他的游戏将东方哲学与西方心理学结合，但他的一些设计因涉及敏感的文化议题而备受争议。,A2,工作讨论会,公园长椅区,Victor 正在公园的长椅上，与一位来自国际文化交流组织的代表交谈。他们正在讨论Victor的新游戏设计，这位代表对Victor将东方哲学与西方心理学结合的尝试表示兴趣，但也提出了一些关于文化敏感性的担忧。天气多云，微风吹拂，使Victor感到非常放松。,"[""Victor"",""国际文化交流组织代表""]","[""探讨游戏设计的跨文化适用性"",""讨论敏感文化议题的处理方式""]","[""东方哲学与西方心理学的结合"",""游戏设计中的文化冲突与解决方案""]","[""跨文化适应”，“文化敏感性评估""]",2025-02-23T07:51:16.445Z,afternoon,cloudy,spring,relaxed
u19,Diana Wu,Diana 是一名无畏的环境调查记者，她的英文报道揭露了多起跨国企业的环境污染丑闻。她的工作常常使她陷入与大企业的纠纷，同时也面临着来自各方的压力。,C1,Interview Scene,A local coffee shop near Diana's office,"Diana is sitting at a cozy table with a warm cup of tea, focused and determined. The rain taps on the window outside, adding to the serene atmosphere. A local environmental advocate named Mark approaches her with a concerned look, eager to discuss recent reports on pollution. The interview is set to record for an upcoming article Diana is writing for her publication, and it is vital to gather accurate and compelling information. ","[""Diana"",""Mark""]","[""Gather in-depth information on environmental pollution in the area"",""Build rapport with Mark for future collaborations""]","[""Pollution in the area"",""Effects of environmental degradation on local communities"",""Local initiatives to combat pollution""]","[""Environmental pollution"",""Greenhouse gases"",""Eco-friendly practices""]",2025-02-23T07:51:24.633Z,afternoon,rainy,winter,focused
u2,Michael Zhang,Michael 是一名全栈开发工程师，经常需要阅读英文技术文档和参与国际开源项目的讨论。他希望能更好地用英语表达技术观点。,A1,职场交际,Home office,"Michael sits at his desk, surrounded by the sounds of the evening sun filtering through the windows. He is looking over a complex JavaScript algorithm and feeling a surge of creativity. He decides to join an online technical discussion forum where he can share his ideas. The forum is full of developers from all over the world. As he types out his first message, he is excited about the possibility of interacting with peers who can help him refine his English technical writing skills. The weather outside is sunny, and it feels like a perfect evening for some innovative brainstorming with like-minded professionals. ","[""Michael"",""International developers on a technical forum""]","[""Improve English technical writing skills"",""Contribute to the discussion with a well-thought-out technical idea""]","[""JavaScript algorithms"",""Best practices in software development""]","[""Callback functions"",""Asynchronous programming""]",2025-02-23T07:51:32.210Z,evening,sunny,autumn,creative
u20,Jason Tang,Jason 在硅谷工作多年后，开始关注AI发展对语言和文化的影响。他经常发表争议性言论，质疑AI在语言教育中的过度使用。这使他与Sophie Zhang等AI拥护者产生了激烈的观点碰撞。,B1,专业讨论会,硅谷某咖啡馆的室外露台,尽管外面下着大雪，但咖啡馆的露天区域却因加热器而温暖如春。Jason坐在角落里，正用他的平板电脑翻阅有关AI伦理的文章，Sophie Zhang带着一群对AI充满热情的同事们走来。两人相对无言，气氛有些紧张。Jason的心思似乎全在电子屏幕上，但Sophie注意到他的眼睛时不时地瞟向她，似乎在等待机会发表意见。就在这时，太阳穿透了厚厚的云层，洒在他们身上，带来一丝暖意，两人的紧张情绪似乎也因此有所缓和。,"[""Jason"",""Sophie Zhang"",""同事们""]","[""探讨AI在教育领域的伦理问题"",""分析当前AI技术对语言和文化的影响""]","[""AI在语言学习中的应用”，“人工智能对教育行业的变革”，“语言学习中的数据隐私和道德责任""]","[""机器学习”，“自然语言处理”，“人机交互""]",2025-02-23T07:51:41.920Z,morning,snowy,summer,creative
u21,Olivia Xie,"Olivia 将中国杂技与现代马戏艺术结合，创造出独特的表演风格。她的作品挑战着传统马戏团的定义，但也因为""文化挪用""的问题而饱受争议。她与Jack Chen在艺术创新理念上经常发生激烈争论。",B2,工作准备,工作室客厅,Olivia站在她的工作室客厅，窗户外的春雨细细密密地下着。她手里拿着一份新的剧本，心情放松地准备与即将到来的团队成员进行会议。客厅里散落着各种杂技表演道具，墙上挂着现代马戏艺术和传统中国杂技的图片。她的手机响了起来，是Jack Chen的电话，两人经常就艺术创新和融合的问题展开讨论。,"[""Olivia"",""Jack Chen""]","[""讨论新剧本的创新点"",""讨论文化融合中可能遇到的问题和解决方案""]","[""新剧本的主题和结构"",""杂技与现代马戏结合的创新表达"",""文化挪用和艺术尊重的界限""]","[""现代马戏艺术"",""文化挪用"",""表演风格""]",2025-02-23T07:51:48.494Z,morning,rainy,spring,relaxed
u22,Felix Wong,Felix 是一位备受争议的体育心理咨询师，他提倡将东方冥想技巧应用于职业运动训练。他的方法虽然在高尔夫界取得了显著成效，但也引发了对传统训练方式的质疑。他与Zoe Yang在身心平衡理念上有着深刻的分歧。,A2,工作交流,室内高尔夫模拟训练室,早晨，虽然外面下着雪，但室内模拟训练室温暖如春。Felix 正在为一位职业高尔夫球手进行冥想训练，目的是帮助他提高集中力。Zoe Yang 作为一位传统训练方式的代表，前来观摩Felix的工作。Felix 在讲解时显得格外专注，因为他知道这是向传统派展示自己方法的好机会。,"[""Felix"",""Zoe Yang"",""职业高尔夫球手""]","[""解释冥想技巧对高尔夫运动的作用"",""探讨身心平衡理念在职业竞技中的重要性""]","[""冥想技巧的实际应用"",""身心平衡理念与传统训练方式的对比""]","[""身心平衡"",""冥想技巧"",""职业竞技""]",2025-02-23T07:51:57.605Z,morning,snowy,summer,focused
u23,Mia Zhang,Mia 用街头艺术记录城市的语言变迁，她的作品经常出现在意想不到的公共空间。这种另类的艺术表达方式让她与城市管理部门产生了多次冲突，同时也引发了关于公共艺术边界的讨论。,B1,Professional Discussion,Local Community Center Art Space,"Mia, an energetic artist known for her street art, is attending a winter afternoon art talk at a local community center. The sky is cloudy, adding a mysterious atmosphere to the event. Mia is excited to discuss her recent works with a group of art enthusiasts and city planners who have been supportive of her street art projects. She wants to express her views on the challenges she faces due to the restrictions imposed by city authorities and also explore opportunities for collaborative projects that can enhance the cultural vibrancy of the city.","[""Mia"",""Community Art Planner"",""Art Enthusiast 1"",""Art Enthusiast 2""]","[""To discuss the impact of city regulations on street artists"",""To seek collaborative opportunities with city planners for public art projects""]","[""Street art and public space"",""City culture and urban planning"",""Artistic expression and legal boundaries""]","[""Street art"",""Public art policy"",""Collaborative project"",""Cultural vibrancy""]",2025-02-23T07:52:04.671Z,afternoon,cloudy,winter,energetic
u24,Leo Chang,"Leo 是一位前卫的声音艺术家，他收集城市噪音创作实验音乐，并在作品中融入多语言元素。他的音乐被一些人称为""噪音污染""，与Tom Chen在音乐本质的定义上存在严重分歧。",C1,工作交流,Leo的工作室,晚上，春天的细雨轻轻地敲打着窗户，Leo坐在他的工作室里，手中拿着一把采样器，耳机中回荡着城市的喧嚣声。他的电脑屏幕上显示着与Tom Chen的电子邮件对话，他们在关于音乐本质的定义上意见不合。Leo决定给Tom打电话，讨论他们的分歧，并尝试从不同的角度理解Tom的观点。,"[""Leo"",""Tom Chen""]","[""解决与Tom Chen在音乐本质上的分歧"",""探索音乐创作的新方向""]","[""城市声音艺术的特点"",""实验音乐的创作理念"",""音乐的本质与表达方式""]","[""采样器"",""声景""]",2025-02-23T07:52:10.302Z,evening,rainy,spring,creative
u25,Iris Yang,"Iris 致力于发展""无声剧场""，探索不使用语言的表达方式。她认为过度依赖语言反而限制了人类的交流，这一理念与Linda Wu的语言教育理念形成了鲜明对比，引发了关于语言教育本质的争论。",B2,Professional Development,Local Coffee Shop,"Iris is at a local coffee shop in the afternoon during the rainy spring season. She is enjoying a cup of tea and reading through the script for an upcoming silent play she is directing. The cozy ambiance of the coffee shop is soothing her relaxed mood. Unexpectedly, her long-time collaborator, a fellow theater enthusiast, walks in. They haven't seen each other in months, and the rain seems to be the perfect backdrop for a catch-up session.","[""Iris"",""Fellow Theater Enthusiast""]","[""Discuss upcoming theater projects"",""Exchange ideas on non-verbal communication in performing arts""]","[""Rehearsal progress for the upcoming silent play"",""Challenges of non-verbal storytelling""]","[""Silent Theater"",""Non-verbal Communication""]",2025-02-23T07:52:18.290Z,afternoon,rainy,spring,relaxed
u26,Dr. Wei Chen,Wei 是一位在CERN工作的量子物理学家，他致力于用通俗易懂的英语解释复杂的量子概念。他的TED演讲《Quantum Made Simple》获得了数百万次观看，同时他也在筹备一本面向青少年的量子物理入门书籍。,C1,工作交流,CERN会议室,在夏天的早晨，天空多云，Wei正在准备给一群年轻科学家解释量子纠缠的概念。他站在会议室的讲台上，心情专注，准备用生动的语言和实例来帮助他们理解这个复杂的量子物理现象。会议室内有几名年轻的物理学家，他们正坐在会议桌旁，准备记录下Wei的讲解。,"[""Wei"",""年轻科学家A"",""年轻科学家B"",""年轻科学家C""]","[""清晰地解释量子纠缠的概念"",""激发年轻科学家的兴趣和好奇心"",""促进学术交流和合作""]","[""量子纠缠的定义和特性"",""量子纠缠的实验验证"",""量子纠缠在量子计算中的应用""]","[""量子纠缠"",""量子态叠加"",""量子干涉""]",2025-02-23T07:52:24.229Z,morning,cloudy,summer,focused
u27,James Liu,James 在西雅图经营着一家备受好评的精品咖啡店。他用英语撰写的咖啡品鉴笔记在业内广受关注，同时他也在探索咖啡与中国茶道的跨文化融合。他的烘焙理念挑战了传统的咖啡制作方式。,B2,Workshop Setting,The cozy conference room at James' coffee shop,"Despite the unexpected snowy morning, James is in high spirits, surrounded by a group of enthusiasts who have gathered for a workshop on innovative coffee brewing techniques. The room is warm, filled with the aroma of freshly roasted beans, and the participants are engaged in lively discussions. James, with his relaxed demeanor, is explaining the unique aspects of his baking philosophy that he has adapted for coffee, blending elements of Chinese tea ceremony with Western coffee culture. As he demonstrates a new brewing method, he uses professional terms like 'espresso extraction' and 'terroir.'","[""James"",""coffee enthusiasts""]","[""Discuss and demonstrate innovative coffee brewing techniques"",""Share insights on the fusion of coffee and Chinese tea culture""]","[""The science behind coffee extraction"",""The art of blending coffee with Chinese tea elements""]","[""espresso extraction"",""terroir""]",2025-02-23T07:52:33.789Z,morning,snowy,summer,relaxed
u28,Dr. Sarah Zhang,Sarah 是一位知名的神经外科医生，同时也是医疗人文关怀的倡导者。她用英语写作的医疗随笔《The Healing Touch》记录了她与国际病患之间的动人故事，引发了对现代医患关系的深度思考。,C1,工作交流,医院会议室,在春雨绵绵的早晨，Sarah正在与她的医疗团队讨论一项新的神经外科手术方案。她的心情格外充沛，准备就一项复杂病例的手术细节进行深入讨论。会议室里，灯光柔和，窗外雨声淅沥，团队成员们围坐在会议桌旁，专注地听着Sarah的讲解。,"[""Sarah"",""Dr. Johnson"",""Nurse Lisa"",""Medical Resident Mike""]","[""讨论并确定手术方案"",""确保团队成员对手术细节有清晰理解""]","[""手术风险评估"",""患者术前准备"",""术后护理计划""]","[""neurosurgery"",""anesthesia"",""postoperative care""]",2025-02-23T07:52:41.725Z,morning,rainy,spring,energetic
u29,Dr. Emily Wu,Emily 专注于为海外华人提供心理咨询服务。她开创性地将东方哲学与西方心理学相结合，发展出独特的治疗方法。她的著作《Between Two Worlds》探讨了文化认同对心理健康的影响。,C1,Professional Consultation,Online Therapy Room,"Emily is in her cozy home office, a large window revealing the falling snow outside. She's sitting at her desk, surrounded by books on psychology and cultural studies. Her computer screen displays a video call with a Chinese client who lives abroad. The client looks thoughtful, and Emily can see the snowflakes gently falling in the background. Emily's focused expression shows her determination to help the client navigate cultural identity issues in a cross-cultural therapy session.","[""Emily"",""Chinese Client""]","[""To provide a comforting and effective therapy session for the client"",""To discuss the impact of cultural identity on mental health and explore possible treatment strategies""]","[""Cultural identity issues faced by Chinese individuals living abroad"",""The integration of Eastern philosophy with Western psychology in therapy"",""Strategies for managing cultural conflicts in therapy sessions""]","[""Cross-cultural therapy"",""Cultural competence"",""Cultural adaptation""]",2025-02-23T07:52:49.369Z,morning,snowy,autumn,focused
u3,Sarah Wang,Sarah 正在美国攻读硕士学位，经常分享她的留学生活经历和学术交流经验。她希望帮助更多准备出国的同学提升英语能力。,B2,Academic Discussion,Library Reading Room,"Sarah is energetic after a morning of studying and decides to join a study group in the library. The weather is snowy, but the warm atmosphere inside the library makes it feel like summer. She is excited to discuss a recent article on cross-cultural communication in business with her peers. The group consists of international students from various countries, including Japan, Germany, and Brazil. Sarah is eager to share her insights and learn from others' experiences. She is also looking forward to practicing her English conversation skills in a professional context.","[""Sarah"",""Japanese Student"",""German Student"",""Brazilian Student""]","[""Engage in a meaningful academic discussion about cross-cultural communication in business"",""Improve English conversation skills in a professional setting""]","[""Recent article on cross-cultural communication in business"",""Challenges and solutions in international business communication"",""Cultural differences in business practices""]","[""Cross-cultural communication"",""International business communication"",""Cultural competence""]",2025-02-23T07:53:04.369Z,afternoon,snowy,summer,energetic
u30,Prof. Alan Xu,Alan 是普林斯顿大学的数学教授，致力于用生动的英语讲述数学背后的故事。他的数学科普视频系列《The Beauty of Numbers》在YouTube上拥有百万订阅者。他正在筹备一本关于中国古代数学的英文著作。,C1,工作准备,普林斯顿大学办公室,Alan坐在他的办公室里，窗外飘着雪花，他正专注地准备他的新书《The Beauty of Numbers》的英文稿件。他计划在下午的学术研讨会上展示他的部分研究成果，并与同行交流。他的桌上散落着中国古代数学文献的复印件和笔记本，他正用红笔批注着重要的数学公式和概念。,"[""Alan"",""一位来自麻省理工学院的数学教授"",""一位来自斯坦福大学的数学历史学家""]","[""与同行分享中国古代数学的研究成果"",""讨论数学在文化中的角色和影响"",""探讨数学教育的创新方法""]","[""中国古代数学的发展"",""数学与哲学的关系"",""数学在现代社会中的应用""]","[""代数结构"",""数论"",""数学哲学""]",2025-02-23T07:53:13.176Z,afternoon,snowy,autumn,focused
u31,Luna Chen,Luna 是小红书上拥有百万粉丝的美食博主，专注于将中国美食文化用英语介绍给全球观众。她的美食短视频系列《Tastes of China》在国际社交媒体上广受欢迎，同时她也在探索美食与文化认同的深层联系。,B1,Professional Engagement,Studio in a cozy apartment,"Luna, dressed warmly in a scarf and coat, is recording a new episode of her popular series 'Tastes of China'. The snowflakes gently fall outside, creating a serene backdrop. She is in high spirits, energized by the upcoming winter-themed recipe she's preparing. Luna is preparing to introduce a traditional Chinese winter dish to her global audience. She is in the midst of practicing her introduction in English, focusing on cultural nuances and culinary techniques. The camera captures the intricate details of the dish, emphasizing the vibrant colors and textures of the ingredients.","[""Luna""]","[""Perfectly articulate the cultural significance of the dish in English"",""Engage her audience with a captivating introduction to the recipe""]","[""Cultural background of the dish"",""Cooking techniques specific to Chinese cuisine""]","[""Culinary arts"",""Cultural heritage"",""Aesthetics""]",2025-02-23T07:53:20.521Z,morning,snowy,autumn,energetic
u32,Mike Zhang,Mike 是一名跑国际线路的长途卡车司机，同时也是一位优秀的故事讲述者。他用英语记录的公路见闻《Tales from the Road》在播客平台上深受欢迎。他的故事展现了一个鲜为人知的卡车司机群体。,B1,Learning Scene,A cozy cabin near the snowy mountainside,"Mike is relaxing in a cozy cabin after a long day on the road. The snow is falling gently outside, creating a serene atmosphere. He is sitting by the fireplace, sipping on a hot cup of cocoa, and jotting down a new story idea in his journal. He decides to practice his English by recording a short story about his day, hoping to improve his pronunciation and fluency. Suddenly, a fellow truck driver named Tom walks in, who is also staying at the cabin for the night. They haven't seen each other in months, and their excitement to catch up is palpable. They decide to share their recent experiences on the road and practice their English together, discussing various aspects of the trucking industry and the unique challenges they face. The ambiance of the cabin, the warmth of the fire, and the snowy scenery all contribute to a conducive environment for language learning and cultural exchange. ","[""Mike"",""Tom""]","[""Practice English pronunciation and fluency"",""Discuss trucking industry experiences and challenges""]","[""Mike's recent road trip"",""Unique experiences in the trucking industry"",""Snowy weather conditions on the roads""]","[""Trucking industry"",""Long-haul driving"",""Cabin fever""]",2025-02-23T07:53:29.764Z,evening,snowy,summer,creative
u33,Dr. Ray Wang,Ray 是一位备受瞩目的华裔科幻作家，其英文科幻小说《Quantum Dreams》获得了雨果奖提名。他的作品常常探讨人工智能、量子物理与人类文明的关系，同时也反映了东西方文化的碰撞与融合。,C1,工作讨论,书房内，窗外的雨声滴答作响,Ray坐在书桌前，手中拿着刚完成的英文科幻小说《Quantum Dreams》的手稿，他的对面坐着他的英国出版商和科幻文学评论家。尽管外面下着雨，但Ray的心情非常专注。他正在与出版商讨论如何将作品中的文化交融元素更有效地传达给英语读者，同时也要确保小说中的量子物理概念能够被非专业人士理解。Ray的评论家则提出了一些关于人工智能在小说中的应用的深入问题。,"[""Ray"",""英国出版商"",""科幻文学评论家""]","[""讨论如何将文化元素融入小说以吸引英语读者"",""探讨量子物理概念的可理解性"",""收集评论家的反馈以改进作品""]","[""文化融合在科幻小说中的表现"",""量子物理与人工智能的未来趋势"",""东西方文化差异对科幻创作的影响""]","[""quantum physics"",""artificial intelligence"",""cultural integration""]",2025-02-23T07:53:42.470Z,morning,rainy,winter,focused
u34,Haruki Murakami,村上春树是当代最具影响力的作家之一，他的作品融合了东方哲学与西方文学传统。他用英语进行创作和访谈，作品被翻译成50多种语言。他认为语言不是障碍，而是通向更广阔世界的桥梁。,C1,Workshop Presentation,"Cozy Conference Room, Literary Festival","As a renowned author, the participant, a male in his late thirties, is delivering a workshop presentation at an autumn literary festival. The morning is snowy, and the conference room, with large windows, allows for a breathtaking view of the serene winter landscape. He is focused and has just started his talk on the intersection of Eastern philosophy and Western literary traditions. The audience is engaged, with a mix of fellow writers and literature enthusiasts. A translator sits beside him, ready to facilitate communication for a non-English speaking guest who is deeply interested in the fusion of cultures in his works.","[""The Participant"",""The Translator"",""The Audience (fellow writers and literature enthusiasts)""]","[""To share insights into his creative process"",""To explore the role of language as a bridge between cultures""]","[""The influence of Japanese Zen Buddhism on Western literature"",""Challenges and rewards of writing in English as a non-native speaker""]","[""Noh theatre"",""Kabuki"",""Western literary criticism""]",2025-02-23T07:53:54.583Z,morning,snowy,autumn,focused
u4,David Liu,David 是一名自由职业者，喜欢边工作边旅行。他在世界各地的旅行经历让他深刻体会到语言交流的重要性。,C1,Travel and Work,"A quaint cafe in Paris, France","David is in the afternoon, enjoying a sunny autumn day at a quaint cafe in Paris. He's working on his laptop while sipping a cappuccino. The aroma of fresh bread from the bakery next door fills the air. As he works, a local French designer named Sophie, who David had met on a previous trip, sits down at the neighboring table. Sophie is looking at her sketchbook and seems to be sketching David's profile. Curious, David initiates a conversation in English, hoping to practice his French while discussing design trends.","[""David"",""Sophie""]","[""Practice French with a native speaker"",""Discuss design trends and inspiration""]","[""French language learning"",""Design inspiration and techniques""]","[""Savoir-faire"",""Aesthetic appeal""]",2025-02-23T07:54:10.109Z,afternoon,sunny,autumn,energetic
u5,Linda Wu,Linda 有着十年的英语教学经验，特别擅长帮助学生克服口语障碍。她经常分享实用的口语学习方法和技巧。,B1,Educational,Outdoor Park,"Linda is sitting on a bench in a local park, surrounded by students who have gathered for a summer English language workshop. The sky is cloudy, adding a serene atmosphere to the session. She is focused and engaged, ready to share her expertise on overcoming oral communication barriers. The students, a mix of beginners and intermediate learners, are eager to learn and practice their speaking skills in a relaxed setting.","[""Linda"",""Beginner Student"",""Intermediate Student""]","[""To provide practical oral English learning methods"",""To encourage students to practice speaking in a supportive environment""]","[""Common challenges in oral English"",""Effective communication strategies""]","[""Oral communication barriers"",""Language learning techniques""]",2025-02-23T07:54:16.940Z,afternoon,cloudy,summer,focused
u6,Jack Chen,"Jack 是一位当代艺术家，曾因其争议性作品引发热议。他认为语言是最纯粹的艺术形式，并将英语融入其装置艺术中。目前正筹备一场以""语言的边界""为主题的展览。",C1,Work Preparation,Art Studio,"Jack is surrounded by his latest sculptures, which are abstract representations of language barriers. The studio is cozy, with snowflakes gently falling outside, creating a serene yet intense atmosphere. He is in deep thought, sketching ideas for his upcoming exhibition titled 'The Boundaries of Language.' Suddenly, his curator, Emily, walks in, her eyes reflecting excitement and curiosity. She has brought a collection of English literature books that explore the concept of language as art. They begin to discuss the potential inclusion of these texts in the exhibition, exchanging ideas and theories about the power of language to evoke emotions and challenge perceptions. The creative energy in the room is palpable, with Jack's passion for language and art merging seamlessly with Emily's enthusiasm for cultural curation. ","[""Jack"",""Emily""]","[""Discuss the integration of English literature into the exhibition"",""Explore the concept of language as art""]","[""Abstract art and language barriers"",""Cultural significance of literature in contemporary art""]","[""Sculpture"",""Abstract representation"",""Curatorial practice""]",2025-02-23T07:54:26.222Z,afternoon,snowy,autumn,creative
u7,Zoe Yang,Zoe 曾是高压金融行业的精英，后来在印度找到了人生的新方向。现在她将东方哲学与西方思维相结合，用英语教授正念瑜伽。她相信语言学习也是一种冥想。,B2,Workshop Setting,Yoga Studio in a Cozy Cabin,"Zoe is conducting an English language workshop for a group of students who are interested in combining mindfulness with their yoga practice. The studio is warmly lit, and the snowflakes gently fall outside the large windows. Despite the snowy weather, the atmosphere inside is lively and energetic. Zoe is in the middle of a session, explaining the concept of 'mindfulness' in English, using simple yet profound language. She encourages the students to engage in a breathing exercise, emphasizing the importance of being present in the moment. A student named Sarah, who has a background in finance, raises her hand to ask a question about how to incorporate mindfulness into a busy workday. The discussion is both personal and professional, with participants sharing their experiences and insights.","[""Zoe"",""Sarah"",""Other Yoga Students""]","[""Teach English vocabulary and phrases related to mindfulness and yoga"",""Discuss practical applications of mindfulness in daily life and work""]","[""The benefits of mindfulness practice"",""Techniques for managing stress and anxiety"",""Cultural differences in understanding mindfulness""]","[""Mindfulness"",""Yoga"",""Stress management""]",2025-02-23T07:54:39.197Z,afternoon,snowy,spring,energetic
u8,Ryan Wu,Ryan 是一名职业电竞选手，在国际赛事中屡获佳绩。他坚信游戏是跨越语言障碍的最好方式，经常在直播中用英语与全球玩家互动。同时他也在筹备一个跨语言的电竞培训项目。,A2,工作学习,户外电竞公园,Ryan坐在公园的长椅上，阳光明媚，他正在准备一个跨语言的电竞培训项目的直播课程。他专注于手中的资料，准备用英语向全球观众介绍电子竞技的基本规则和文化。突然，一位外籍电竞爱好者走过来，想与他交流电子竞技的技巧。,"[""Ryan"",""外籍电竞爱好者""]","[""帮助外籍爱好者提高电子竞技技巧"",""展示电子竞技的魅力和文化价值观""]","[""电子竞技的基本规则"",""不同国家的电子竞技文化"",""电子竞技技巧的分享""]","[""e-sports"",""streaming"",""cross-cultural training""]",2025-02-23T07:54:45.070Z,afternoon,sunny,summer,focused
u9,Maya Liu,Maya 在华尔街工作多年后，毅然回到家乡创办有机农场。她用英语经营农场的YouTube频道，分享可持续生活理念。她的故事激励了许多想要回归自然的都市人。,B1,Real-life Farming Vlog,Maya's organic farm in the countryside,"Maya is filming a video for her YouTube channel in the afternoon of a summer cloudy day. She is discussing sustainable farming practices with her camera as the backdrop. The video is part of a series where she shares her journey of transitioning from Wall Street to a rural farmer and her passion for sustainability. Her camera focuses on the lush green fields, where a variety of crops are growing under the watchful eyes of her farmhands. She's planning to talk about the benefits of organic farming and the importance of preserving the environment. Suddenly, a curious group of tourists arrive, wanting to learn more about the farm and its mission.","[""Maya"",""group of tourists"",""farmhands""]","[""Maya aims to inform her audience about sustainable farming and to attract new followers to her channel by engaging with the tourists. She wants to encourage discussion and feedback from viewers. The tourists are interested in learning more about organic farming and how to adopt eco-friendly practices in their own lives. The farmhands are keen to showcase their daily work and the farm's success stories.""]","[""sustainable farming practices"",""benefits of organic farming"",""environmental preservation"",""ecofriendly practices"",""farm's success stories""]","[""organic farming"",""sustainability"",""ecological footprint""]",2025-02-23T07:54:58.034Z,afternoon,cloudy,summer,relaxed
